-- ============================================================
-- eduOS Seed Data
-- Creates test users for all 4 roles + sample academic data
-- Run this in Supabase SQL Editor AFTER running 001_schema.sql
-- ============================================================

-- ============================================================
-- 1. USERS (4 roles)
-- All passwords are: password123
-- bcrypt hash for "password123": $2b$12$2rA4KwX2F2MEki8y9BklBOAJxSnAbae7QB7G9nE3iuKdCCSUEbLD6
-- ============================================================

-- Admin
INSERT INTO users (id, role, email, password_hash, first_name, last_name) VALUES
('a0000000-0000-0000-0000-000000000001', 'admin', 'admin@eduos.school', '$2b$12$2rA4KwX2F2MEki8y9BklBOAJxSnAbae7QB7G9nE3iuKdCCSUEbLD6', 'Sarah', 'Molefe');

-- Teachers
INSERT INTO users (id, role, email, password_hash, first_name, last_name) VALUES
('b0000000-0000-0000-0000-000000000001', 'teacher', 'thabo.nkosi@eduos.school', '$2b$12$2rA4KwX2F2MEki8y9BklBOAJxSnAbae7QB7G9nE3iuKdCCSUEbLD6', 'Thabo', 'Nkosi'),
('b0000000-0000-0000-0000-000000000002', 'teacher', 'lerato.dlamini@eduos.school', '$2b$12$2rA4KwX2F2MEki8y9BklBOAJxSnAbae7QB7G9nE3iuKdCCSUEbLD6', 'Lerato', 'Dlamini');

-- Parents
INSERT INTO users (id, role, email, password_hash, first_name, last_name) VALUES
('d0000000-0000-0000-0000-000000000001', 'parent', 'nthabiseng.mokoena@gmail.com', '$2b$12$2rA4KwX2F2MEki8y9BklBOAJxSnAbae7QB7G9nE3iuKdCCSUEbLD6', 'Nthabiseng', 'Mokoena'),
('d0000000-0000-0000-0000-000000000002', 'parent', 'sipho.khumalo@gmail.com', '$2b$12$2rA4KwX2F2MEki8y9BklBOAJxSnAbae7QB7G9nE3iuKdCCSUEbLD6', 'Sipho', 'Khumalo');

-- Students
INSERT INTO users (id, role, email, password_hash, first_name, last_name) VALUES
('c0000000-0000-0000-0000-000000000001', 'student', 'kabelo.mokoena@eduos.school', '$2b$12$2rA4KwX2F2MEki8y9BklBOAJxSnAbae7QB7G9nE3iuKdCCSUEbLD6', 'Kabelo', 'Mokoena'),
('c0000000-0000-0000-0000-000000000002', 'student', 'palesa.khumalo@eduos.school', '$2b$12$2rA4KwX2F2MEki8y9BklBOAJxSnAbae7QB7G9nE3iuKdCCSUEbLD6', 'Palesa', 'Khumalo'),
('c0000000-0000-0000-0000-000000000003', 'student', 'tshepo.moloi@eduos.school', '$2b$12$2rA4KwX2F2MEki8y9BklBOAJxSnAbae7QB7G9nE3iuKdCCSUEbLD6', 'Tshepo', 'Moloi'),
('c0000000-0000-0000-0000-000000000004', 'student', 'lindiwe.sithole@eduos.school', '$2b$12$2rA4KwX2F2MEki8y9BklBOAJxSnAbae7QB7G9nE3iuKdCCSUEbLD6', 'Lindiwe', 'Sithole'),
('c0000000-0000-0000-0000-000000000005', 'student', 'mpho.maseko@eduos.school', '$2b$12$2rA4KwX2F2MEki8y9BklBOAJxSnAbae7QB7G9nE3iuKdCCSUEbLD6', 'Mpho', 'Maseko');

-- ============================================================
-- 2. STUDENT PROFILES (linked to parents)
-- ============================================================
INSERT INTO students_profile (student_id, parent_id, date_of_birth, enrollment_year) VALUES
('c0000000-0000-0000-0000-000000000001', 'd0000000-0000-0000-0000-000000000001', '2010-03-15', 2025),
('c0000000-0000-0000-0000-000000000002', 'd0000000-0000-0000-0000-000000000002', '2010-07-22', 2025),
('c0000000-0000-0000-0000-000000000003', NULL, '2009-11-08', 2024),
('c0000000-0000-0000-0000-000000000004', NULL, '2010-01-30', 2025),
('c0000000-0000-0000-0000-000000000005', 'd0000000-0000-0000-0000-000000000001', '2011-06-12', 2025);

-- ============================================================
-- 3. SUBJECTS
-- ============================================================
INSERT INTO subjects (subject_id, subject_code, subject_name, credits) VALUES
('e0000000-0000-0000-0000-000000000001', 'MATH101', 'Mathematics', 4),
('e0000000-0000-0000-0000-000000000002', 'ENG101',  'English Language', 3),
('e0000000-0000-0000-0000-000000000003', 'SCI101',  'Physical Science', 4),
('e0000000-0000-0000-0000-000000000004', 'HIST101', 'History', 3),
('e0000000-0000-0000-0000-000000000005', 'SESOTHO', 'Sesotho', 3);

-- ============================================================
-- 4. CLASSES (assigned to teachers)
-- ============================================================
INSERT INTO classes (class_id, subject_id, teacher_id, semester, academic_year) VALUES
('f0000000-0000-0000-0000-000000000001', 'e0000000-0000-0000-0000-000000000001', 'b0000000-0000-0000-0000-000000000001', 'Semester 1', 2026),
('f0000000-0000-0000-0000-000000000002', 'e0000000-0000-0000-0000-000000000002', 'b0000000-0000-0000-0000-000000000002', 'Semester 1', 2026),
('f0000000-0000-0000-0000-000000000003', 'e0000000-0000-0000-0000-000000000003', 'b0000000-0000-0000-0000-000000000001', 'Semester 1', 2026),
('f0000000-0000-0000-0000-000000000004', 'e0000000-0000-0000-0000-000000000004', 'b0000000-0000-0000-0000-000000000002', 'Semester 1', 2026),
('f0000000-0000-0000-0000-000000000005', 'e0000000-0000-0000-0000-000000000005', 'b0000000-0000-0000-0000-000000000002', 'Semester 1', 2026);

-- ============================================================
-- 5. ENROLLMENTS (students -> classes)
-- ============================================================
INSERT INTO enrollments (student_id, class_id, status) VALUES
-- Kabelo: Math, English, Science
('c0000000-0000-0000-0000-000000000001', 'f0000000-0000-0000-0000-000000000001', 'active'),
('c0000000-0000-0000-0000-000000000001', 'f0000000-0000-0000-0000-000000000002', 'active'),
('c0000000-0000-0000-0000-000000000001', 'f0000000-0000-0000-0000-000000000003', 'active'),
-- Palesa: Math, English, History
('c0000000-0000-0000-0000-000000000002', 'f0000000-0000-0000-0000-000000000001', 'active'),
('c0000000-0000-0000-0000-000000000002', 'f0000000-0000-0000-0000-000000000002', 'active'),
('c0000000-0000-0000-0000-000000000002', 'f0000000-0000-0000-0000-000000000004', 'active'),
-- Tshepo: Math, Science, Sesotho
('c0000000-0000-0000-0000-000000000003', 'f0000000-0000-0000-0000-000000000001', 'active'),
('c0000000-0000-0000-0000-000000000003', 'f0000000-0000-0000-0000-000000000003', 'active'),
('c0000000-0000-0000-0000-000000000003', 'f0000000-0000-0000-0000-000000000005', 'active'),
-- Lindiwe: English, History, Sesotho
('c0000000-0000-0000-0000-000000000004', 'f0000000-0000-0000-0000-000000000002', 'active'),
('c0000000-0000-0000-0000-000000000004', 'f0000000-0000-0000-0000-000000000004', 'active'),
('c0000000-0000-0000-0000-000000000004', 'f0000000-0000-0000-0000-000000000005', 'active'),
-- Mpho: Math, English, Science, Sesotho
('c0000000-0000-0000-0000-000000000005', 'f0000000-0000-0000-0000-000000000001', 'active'),
('c0000000-0000-0000-0000-000000000005', 'f0000000-0000-0000-0000-000000000002', 'active'),
('c0000000-0000-0000-0000-000000000005', 'f0000000-0000-0000-0000-000000000003', 'active'),
('c0000000-0000-0000-0000-000000000005', 'f0000000-0000-0000-0000-000000000005', 'active');

-- ============================================================
-- 6. ATTENDANCE (2 weeks of data)
-- ============================================================
-- Math class (f...001) — Feb 2026
INSERT INTO attendance (class_id, student_id, date, status) VALUES
-- Week 1
('f0000000-0000-0000-0000-000000000001', 'c0000000-0000-0000-0000-000000000001', '2026-02-16', 'present'),
('f0000000-0000-0000-0000-000000000001', 'c0000000-0000-0000-0000-000000000002', '2026-02-16', 'present'),
('f0000000-0000-0000-0000-000000000001', 'c0000000-0000-0000-0000-000000000003', '2026-02-16', 'late'),
('f0000000-0000-0000-0000-000000000001', 'c0000000-0000-0000-0000-000000000005', '2026-02-16', 'present'),
('f0000000-0000-0000-0000-000000000001', 'c0000000-0000-0000-0000-000000000001', '2026-02-17', 'present'),
('f0000000-0000-0000-0000-000000000001', 'c0000000-0000-0000-0000-000000000002', '2026-02-17', 'absent'),
('f0000000-0000-0000-0000-000000000001', 'c0000000-0000-0000-0000-000000000003', '2026-02-17', 'present'),
('f0000000-0000-0000-0000-000000000001', 'c0000000-0000-0000-0000-000000000005', '2026-02-17', 'late'),
('f0000000-0000-0000-0000-000000000001', 'c0000000-0000-0000-0000-000000000001', '2026-02-18', 'present'),
('f0000000-0000-0000-0000-000000000001', 'c0000000-0000-0000-0000-000000000002', '2026-02-18', 'present'),
('f0000000-0000-0000-0000-000000000001', 'c0000000-0000-0000-0000-000000000003', '2026-02-18', 'absent'),
('f0000000-0000-0000-0000-000000000001', 'c0000000-0000-0000-0000-000000000005', '2026-02-18', 'present'),
-- Week 2
('f0000000-0000-0000-0000-000000000001', 'c0000000-0000-0000-0000-000000000001', '2026-02-23', 'present'),
('f0000000-0000-0000-0000-000000000001', 'c0000000-0000-0000-0000-000000000002', '2026-02-23', 'present'),
('f0000000-0000-0000-0000-000000000001', 'c0000000-0000-0000-0000-000000000003', '2026-02-23', 'present'),
('f0000000-0000-0000-0000-000000000001', 'c0000000-0000-0000-0000-000000000005', '2026-02-23', 'absent'),
('f0000000-0000-0000-0000-000000000001', 'c0000000-0000-0000-0000-000000000001', '2026-02-24', 'late'),
('f0000000-0000-0000-0000-000000000001', 'c0000000-0000-0000-0000-000000000002', '2026-02-24', 'present'),
('f0000000-0000-0000-0000-000000000001', 'c0000000-0000-0000-0000-000000000003', '2026-02-24', 'present'),
('f0000000-0000-0000-0000-000000000001', 'c0000000-0000-0000-0000-000000000005', '2026-02-24', 'present');

-- English class (f...002)
INSERT INTO attendance (class_id, student_id, date, status) VALUES
('f0000000-0000-0000-0000-000000000002', 'c0000000-0000-0000-0000-000000000001', '2026-02-16', 'present'),
('f0000000-0000-0000-0000-000000000002', 'c0000000-0000-0000-0000-000000000002', '2026-02-16', 'present'),
('f0000000-0000-0000-0000-000000000002', 'c0000000-0000-0000-0000-000000000004', '2026-02-16', 'present'),
('f0000000-0000-0000-0000-000000000002', 'c0000000-0000-0000-0000-000000000005', '2026-02-16', 'present'),
('f0000000-0000-0000-0000-000000000002', 'c0000000-0000-0000-0000-000000000001', '2026-02-18', 'absent'),
('f0000000-0000-0000-0000-000000000002', 'c0000000-0000-0000-0000-000000000002', '2026-02-18', 'present'),
('f0000000-0000-0000-0000-000000000002', 'c0000000-0000-0000-0000-000000000004', '2026-02-18', 'late'),
('f0000000-0000-0000-0000-000000000002', 'c0000000-0000-0000-0000-000000000005', '2026-02-18', 'present'),
('f0000000-0000-0000-0000-000000000002', 'c0000000-0000-0000-0000-000000000001', '2026-02-23', 'present'),
('f0000000-0000-0000-0000-000000000002', 'c0000000-0000-0000-0000-000000000002', '2026-02-23', 'present'),
('f0000000-0000-0000-0000-000000000002', 'c0000000-0000-0000-0000-000000000004', '2026-02-23', 'present'),
('f0000000-0000-0000-0000-000000000002', 'c0000000-0000-0000-0000-000000000005', '2026-02-23', 'absent');

-- Science class (f...003)
INSERT INTO attendance (class_id, student_id, date, status) VALUES
('f0000000-0000-0000-0000-000000000003', 'c0000000-0000-0000-0000-000000000001', '2026-02-17', 'present'),
('f0000000-0000-0000-0000-000000000003', 'c0000000-0000-0000-0000-000000000003', '2026-02-17', 'present'),
('f0000000-0000-0000-0000-000000000003', 'c0000000-0000-0000-0000-000000000005', '2026-02-17', 'late'),
('f0000000-0000-0000-0000-000000000003', 'c0000000-0000-0000-0000-000000000001', '2026-02-24', 'present'),
('f0000000-0000-0000-0000-000000000003', 'c0000000-0000-0000-0000-000000000003', '2026-02-24', 'absent'),
('f0000000-0000-0000-0000-000000000003', 'c0000000-0000-0000-0000-000000000005', '2026-02-24', 'present');

-- History class (f...004)
INSERT INTO attendance (class_id, student_id, date, status) VALUES
('f0000000-0000-0000-0000-000000000004', 'c0000000-0000-0000-0000-000000000002', '2026-02-16', 'present'),
('f0000000-0000-0000-0000-000000000004', 'c0000000-0000-0000-0000-000000000004', '2026-02-16', 'absent'),
('f0000000-0000-0000-0000-000000000004', 'c0000000-0000-0000-0000-000000000002', '2026-02-23', 'present'),
('f0000000-0000-0000-0000-000000000004', 'c0000000-0000-0000-0000-000000000004', '2026-02-23', 'present');

-- Sesotho class (f...005)
INSERT INTO attendance (class_id, student_id, date, status) VALUES
('f0000000-0000-0000-0000-000000000005', 'c0000000-0000-0000-0000-000000000003', '2026-02-16', 'present'),
('f0000000-0000-0000-0000-000000000005', 'c0000000-0000-0000-0000-000000000004', '2026-02-16', 'present'),
('f0000000-0000-0000-0000-000000000005', 'c0000000-0000-0000-0000-000000000005', '2026-02-16', 'present'),
('f0000000-0000-0000-0000-000000000005', 'c0000000-0000-0000-0000-000000000003', '2026-02-23', 'late'),
('f0000000-0000-0000-0000-000000000005', 'c0000000-0000-0000-0000-000000000004', '2026-02-23', 'present'),
('f0000000-0000-0000-0000-000000000005', 'c0000000-0000-0000-0000-000000000005', '2026-02-23', 'present');

-- ============================================================
-- 7. GRADES (Assignments, Tests, Exams)
-- ============================================================
-- Math (f...001)
INSERT INTO grades (class_id, student_id, assessment_type, score, max_score) VALUES
('f0000000-0000-0000-0000-000000000001', 'c0000000-0000-0000-0000-000000000001', 'Assignment 1', 85, 100),
('f0000000-0000-0000-0000-000000000001', 'c0000000-0000-0000-0000-000000000002', 'Assignment 1', 72, 100),
('f0000000-0000-0000-0000-000000000001', 'c0000000-0000-0000-0000-000000000003', 'Assignment 1', 45, 100),
('f0000000-0000-0000-0000-000000000001', 'c0000000-0000-0000-0000-000000000005', 'Assignment 1', 91, 100),
('f0000000-0000-0000-0000-000000000001', 'c0000000-0000-0000-0000-000000000001', 'Test 1', 78, 100),
('f0000000-0000-0000-0000-000000000001', 'c0000000-0000-0000-0000-000000000002', 'Test 1', 65, 100),
('f0000000-0000-0000-0000-000000000001', 'c0000000-0000-0000-0000-000000000003', 'Test 1', 38, 100),
('f0000000-0000-0000-0000-000000000001', 'c0000000-0000-0000-0000-000000000005', 'Test 1', 88, 100);

-- English (f...002)
INSERT INTO grades (class_id, student_id, assessment_type, score, max_score) VALUES
('f0000000-0000-0000-0000-000000000002', 'c0000000-0000-0000-0000-000000000001', 'Essay 1', 70, 100),
('f0000000-0000-0000-0000-000000000002', 'c0000000-0000-0000-0000-000000000002', 'Essay 1', 82, 100),
('f0000000-0000-0000-0000-000000000002', 'c0000000-0000-0000-0000-000000000004', 'Essay 1', 75, 100),
('f0000000-0000-0000-0000-000000000002', 'c0000000-0000-0000-0000-000000000005', 'Essay 1', 68, 100),
('f0000000-0000-0000-0000-000000000002', 'c0000000-0000-0000-0000-000000000001', 'Oral Exam', 80, 100),
('f0000000-0000-0000-0000-000000000002', 'c0000000-0000-0000-0000-000000000002', 'Oral Exam', 90, 100),
('f0000000-0000-0000-0000-000000000002', 'c0000000-0000-0000-0000-000000000004', 'Oral Exam', 85, 100),
('f0000000-0000-0000-0000-000000000002', 'c0000000-0000-0000-0000-000000000005', 'Oral Exam', 55, 100);

-- Science (f...003)
INSERT INTO grades (class_id, student_id, assessment_type, score, max_score) VALUES
('f0000000-0000-0000-0000-000000000003', 'c0000000-0000-0000-0000-000000000001', 'Lab Report 1', 88, 100),
('f0000000-0000-0000-0000-000000000003', 'c0000000-0000-0000-0000-000000000003', 'Lab Report 1', 42, 100),
('f0000000-0000-0000-0000-000000000003', 'c0000000-0000-0000-0000-000000000005', 'Lab Report 1', 76, 100),
('f0000000-0000-0000-0000-000000000003', 'c0000000-0000-0000-0000-000000000001', 'Midterm', 92, 100),
('f0000000-0000-0000-0000-000000000003', 'c0000000-0000-0000-0000-000000000003', 'Midterm', 35, 100),
('f0000000-0000-0000-0000-000000000003', 'c0000000-0000-0000-0000-000000000005', 'Midterm', 80, 100);

-- History (f...004)
INSERT INTO grades (class_id, student_id, assessment_type, score, max_score) VALUES
('f0000000-0000-0000-0000-000000000004', 'c0000000-0000-0000-0000-000000000002', 'Research Paper', 78, 100),
('f0000000-0000-0000-0000-000000000004', 'c0000000-0000-0000-0000-000000000004', 'Research Paper', 65, 100),
('f0000000-0000-0000-0000-000000000004', 'c0000000-0000-0000-0000-000000000002', 'Quiz 1', 85, 100),
('f0000000-0000-0000-0000-000000000004', 'c0000000-0000-0000-0000-000000000004', 'Quiz 1', 70, 100);

-- Sesotho (f...005)
INSERT INTO grades (class_id, student_id, assessment_type, score, max_score) VALUES
('f0000000-0000-0000-0000-000000000005', 'c0000000-0000-0000-0000-000000000003', 'Composition', 55, 100),
('f0000000-0000-0000-0000-000000000005', 'c0000000-0000-0000-0000-000000000004', 'Composition', 88, 100),
('f0000000-0000-0000-0000-000000000005', 'c0000000-0000-0000-0000-000000000005', 'Composition', 72, 100),
('f0000000-0000-0000-0000-000000000005', 'c0000000-0000-0000-0000-000000000003', 'Oral Test', 60, 100),
('f0000000-0000-0000-0000-000000000005', 'c0000000-0000-0000-0000-000000000004', 'Oral Test', 92, 100),
('f0000000-0000-0000-0000-000000000005', 'c0000000-0000-0000-0000-000000000005', 'Oral Test', 78, 100);
